{"cameraMode":{"drawMode":0,"name":"Shaded","section":"Shading Mode"},"sceneLighting":true,"audioPlay":false,"sceneViewState":{"m_AlwaysRefresh":false,"showFog":true,"showSkybox":true,"showFlares":true,"showImageEffects":true,"showParticleSystems":true,"showVisualEffectGraphs":true,"m_FxEnabled":true},"in2DMode":false,"pivot":{"x":-0.17876331508159638,"y":0.23592998087406159,"z":0.5809512734413147},"rotation":{"x":0.028525715693831445,"y":-0.7150686979293823,"z":0.029162634164094926,"w":0.6980806589126587},"size":0.7574217915534973,"orthographic":true}