{"cameraMode":{"drawMode":0,"name":"Shaded","section":"Shading Mode"},"sceneLighting":true,"audioPlay":false,"sceneViewState":{"m_AlwaysRefresh":false,"showFog":true,"showSkybox":true,"showFlares":true,"showImageEffects":true,"showParticleSystems":true,"showVisualEffectGraphs":true,"m_FxEnabled":true},"in2DMode":false,"pivot":{"x":0.12233143299818039,"y":1.453399896621704,"z":0.405910849571228},"rotation":{"x":0.15932640433311463,"y":-0.09756326675415039,"z":0.01582345925271511,"w":0.9822811484336853},"size":2.5668601989746095,"orthographic":true}